{"count":1,"self":2765.765632,"total":5944.7835927999995,"children":{"InitializeActuators":{"count":69358,"self":0.9137179,"total":0.9137179,"children":null},"InitializeSensors":{"count":69358,"self":0.8530935,"total":0.8530935,"children":null},"AgentInfo.ToProto":{"count":138683,"self":0.5699328,"total":1.8828254999999998,"children":{"GenerateSensorData":{"count":138683,"self":1.3128927,"total":1.3128927,"children":null}}},"AgentSendState":{"count":1355134,"self":9.6476952,"total":131.4243436,"children":{"CollectObservations":{"count":2439243,"self":94.007385599999992,"total":94.007385599999992,"children":null},"WriteActionMask":{"count":2439243,"self":1.0706711,"total":1.0706711,"children":null},"RequestDecision":{"count":2439243,"self":6.3561967999999993,"total":26.6985918,"children":{"AgentInfo.ToProto":{"count":2439243,"self":5.5078996,"total":20.3423949,"children":{"GenerateSensorData":{"count":2439243,"self":14.834496,"total":14.8344952,"children":null}}}}}}},"DecideAction":{"count":1355134,"self":3039.5410432,"total":3039.5409715,"children":null},"AgentAct":{"count":1355134,"self":4.4010508,"total":4.4020491,"children":{"AgentInfo.ToProto":{"count":53,"self":0,"total":0.00099819999999999987,"children":{"GenerateSensorData":{"count":53,"self":0.00099819999999999987,"total":0.00099819999999999987,"children":null}}}}}},"gauges":{"Paper.CumulativeReward":{"count":69393,"max":31,"min":-1,"runningAverage":0.00217601447,"value":0,"weightedAverage":2.802597E-45}},"metadata":{"timer_format_version":"0.1.0","start_time_seconds":"1715758849","unity_version":"2022.3.7f1","command_line_arguments":"C:\\Programs\\Unity\\Hub\\Editor\\2022.3.7f1\\Editor\\Unity.exe -projectpath D:\\2024.01.01.-\\RL_Project\\Practice -useHub -hubIPC -cloudEnvironment production","communication_protocol_version":"1.5.0","com.unity.ml-agents_version":"3.0.0-exp.1","scene_name":"Practice","end_time_seconds":"1715764794"}}