{
    "name": "root",
    "gauges": {
        "Paper.Policy.Entropy.mean": {
            "value": 0.786161482334137,
            "min": 0.7843700647354126,
            "max": 1.4189382791519165,
            "count": 990
        },
        "Paper.Policy.Entropy.sum": {
            "value": 8128.12353515625,
            "min": 7783.9931640625,
            "max": 16478.130859375,
            "count": 990
        },
        "Paper.Environment.EpisodeLength.mean": {
            "value": 20.89059080962801,
            "min": 12.385542168674698,
            "max": 99.0,
            "count": 990
        },
        "Paper.Environment.EpisodeLength.sum": {
            "value": 9547.0,
            "min": 9189.0,
            "max": 12771.0,
            "count": 990
        },
        "Paper.Step.mean": {
            "value": 9899983.0,
            "min": 9963.0,
            "max": 9899983.0,
            "count": 990
        },
        "Paper.Step.sum": {
            "value": 9899983.0,
            "min": 9963.0,
            "max": 9899983.0,
            "count": 990
        },
        "Paper.Policy.ExtrinsicValueEstimate.mean": {
            "value": -0.9030084609985352,
            "min": -3.932668447494507,
            "max": -0.12749162316322327,
            "count": 990
        },
        "Paper.Policy.ExtrinsicValueEstimate.sum": {
            "value": -412.67486572265625,
            "min": -755.5618896484375,
            "max": -13.691171646118164,
            "count": 990
        },
        "Paper.Environment.CumulativeReward.mean": {
            "value": -1.0635885584536997,
            "min": -2.0175922678576574,
            "max": -0.9800286468765144,
            "count": 990
        },
        "Paper.Environment.CumulativeReward.sum": {
            "value": -486.05997121334076,
            "min": -818.8799659609795,
            "max": -197.99996411800385,
            "count": 990
        },
        "Paper.Policy.ExtrinsicReward.mean": {
            "value": -1.0635885584536997,
            "min": -2.0175922678576574,
            "max": -0.9800286468765144,
            "count": 990
        },
        "Paper.Policy.ExtrinsicReward.sum": {
            "value": -486.05997121334076,
            "min": -818.8799659609795,
            "max": -197.99996411800385,
            "count": 990
        },
        "Paper.IsTraining.mean": {
            "value": 1.0,
            "min": 1.0,
            "max": 1.0,
            "count": 990
        },
        "Paper.IsTraining.sum": {
            "value": 1.0,
            "min": 1.0,
            "max": 1.0,
            "count": 990
        },
        "Paper.Losses.PolicyLoss.mean": {
            "value": 0.013978296616308701,
            "min": 0.011043006987893022,
            "max": 0.022881236866426964,
            "count": 481
        },
        "Paper.Losses.PolicyLoss.sum": {
            "value": 0.013978296616308701,
            "min": 0.011043006987893022,
            "max": 0.022881236866426964,
            "count": 481
        },
        "Paper.Losses.ValueLoss.mean": {
            "value": 0.05874294266104698,
            "min": 0.00021406279071622218,
            "max": 0.08331717637677988,
            "count": 481
        },
        "Paper.Losses.ValueLoss.sum": {
            "value": 0.05874294266104698,
            "min": 0.00021406279071622218,
            "max": 0.08331717637677988,
            "count": 481
        },
        "Paper.Policy.LearningRate.mean": {
            "value": 0.0002703411638862819,
            "min": 0.0002703411638862819,
            "max": 0.000299929491023503,
            "count": 481
        },
        "Paper.Policy.LearningRate.sum": {
            "value": 0.0002703411638862819,
            "min": 0.0002703411638862819,
            "max": 0.000299929491023503,
            "count": 481
        },
        "Paper.Policy.Epsilon.mean": {
            "value": 0.19011371800000004,
            "min": 0.19011371800000004,
            "max": 0.199976497,
            "count": 481
        },
        "Paper.Policy.Epsilon.sum": {
            "value": 0.19011371800000004,
            "min": 0.19011371800000004,
            "max": 0.199976497,
            "count": 481
        },
        "Paper.Policy.Beta.mean": {
            "value": 0.0045066745282,
            "min": 0.0045066745282,
            "max": 0.0049988272003,
            "count": 481
        },
        "Paper.Policy.Beta.sum": {
            "value": 0.0045066745282,
            "min": 0.0045066745282,
            "max": 0.0049988272003,
            "count": 481
        },
        "Navigation.Policy.Entropy.mean": {
            "value": 0.917091429233551,
            "min": 0.917091429233551,
            "max": 1.467746615409851,
            "count": 960
        },
        "Navigation.Policy.Entropy.sum": {
            "value": 11189.4326171875,
            "min": 1950.3193359375,
            "max": 69527.9765625,
            "count": 960
        },
        "Navigation.Environment.EpisodeLength.mean": {
            "value": 17.134545454545453,
            "min": 11.76517571884984,
            "max": 20344.0,
            "count": 909
        },
        "Navigation.Environment.EpisodeLength.sum": {
            "value": 9424.0,
            "min": 84.0,
            "max": 91741.0,
            "count": 909
        },
        "Navigation.Step.mean": {
            "value": 9889996.0,
            "min": 9803.0,
            "max": 9889996.0,
            "count": 989
        },
        "Navigation.Step.sum": {
            "value": 9889996.0,
            "min": 9803.0,
            "max": 9889996.0,
            "count": 989
        },
        "Navigation.Policy.ExtrinsicValueEstimate.mean": {
            "value": 0.23929855227470398,
            "min": -3.807929515838623,
            "max": 0.3102889358997345,
            "count": 989
        },
        "Navigation.Policy.ExtrinsicValueEstimate.sum": {
            "value": 132.09280395507812,
            "min": -136.99795532226562,
            "max": 239.8533477783203,
            "count": 989
        },
        "Navigation.Environment.CumulativeReward.mean": {
            "value": 3.5392980212750644,
            "min": -461.6751136779785,
            "max": 3.952402083714803,
            "count": 910
        },
        "Navigation.Environment.CumulativeReward.sum": {
            "value": 1953.6925077438354,
            "min": -1670.665768623352,
            "max": 3035.3155658245087,
            "count": 910
        },
        "Navigation.Policy.ExtrinsicReward.mean": {
            "value": 3.5392980212750644,
            "min": -461.6751136779785,
            "max": 3.952402083714803,
            "count": 910
        },
        "Navigation.Policy.ExtrinsicReward.sum": {
            "value": 1953.6925077438354,
            "min": -1670.665768623352,
            "max": 3035.3155658245087,
            "count": 910
        },
        "Navigation.IsTraining.mean": {
            "value": 1.0,
            "min": 1.0,
            "max": 1.0,
            "count": 989
        },
        "Navigation.IsTraining.sum": {
            "value": 1.0,
            "min": 1.0,
            "max": 1.0,
            "count": 989
        },
        "Navigation.Losses.PolicyLoss.mean": {
            "value": 0.01786080830109616,
            "min": 0.009561135679056558,
            "max": 0.023867414720977347,
            "count": 469
        },
        "Navigation.Losses.PolicyLoss.sum": {
            "value": 0.01786080830109616,
            "min": 0.009561135679056558,
            "max": 0.023867414720977347,
            "count": 469
        },
        "Navigation.Losses.ValueLoss.mean": {
            "value": 1.0654724399248758,
            "min": 0.0005776337018081298,
            "max": 1.1840190807978312,
            "count": 469
        },
        "Navigation.Losses.ValueLoss.sum": {
            "value": 1.0654724399248758,
            "min": 0.0005776337018081298,
            "max": 1.1840190807978312,