{
    "name": "root",
    "gauges": {
        "Paper.Policy.Entropy.mean": {
            "value": 1.2115647792816162,
            "min": 1.2107470035552979,
            "max": 1.418938398361206,
            "count": 237
        },
        "Paper.Policy.Entropy.sum": {
            "value": 12110.8017578125,
            "min": 11883.388671875,
            "max": 18703.02734375,
            "count": 237
        },
        "Paper.Environment.EpisodeLength.mean": {
            "value": 12.309840425531915,
            "min": 12.21003963011889,
            "max": 99.0,
            "count": 237
        },
        "Paper.Environment.EpisodeLength.sum": {
            "value": 9257.0,
            "min": 9239.0,
            "max": 12097.0,
            "count": 237
        },
        "Paper.Step.mean": {
            "value": 2369984.0,
            "min": 9967.0,
            "max": 2369984.0,
            "count": 237
        },
        "Paper.Step.sum": {
            "value": 2369984.0,
            "min": 9967.0,
            "max": 2369984.0,
            "count": 237
        },
        "Paper.Policy.ExtrinsicValueEstimate.mean": {
            "value": -1.0194185972213745,
            "min": -3.8898448944091797,
            "max": -0.06329726427793503,
            "count": 237
        },
        "Paper.Policy.ExtrinsicValueEstimate.sum": {
            "value": -765.5833740234375,
            "min": -776.5809326171875,
            "max": -6.709510326385498,
            "count": 237
        },
        "Paper.Environment.CumulativeReward.mean": {
            "value": -1.0662050123578222,
            "min": -2.0190095476584857,
            "max": -1.0229267753564473,
            "count": 237
        },
        "Paper.Environment.CumulativeReward.sum": {
            "value": -800.7199642807245,
            "min": -828.999963581562,
            "max": -195.73996436595917,
            "count": 237
        },
        "Paper.Policy.ExtrinsicReward.mean": {
            "value": -1.0662050123578222,
            "min": -2.0190095476584857,
            "max": -1.0229267753564473,
            "count": 237
        },
        "Paper.Policy.ExtrinsicReward.sum": {
            "value": -800.7199642807245,
            "min": -828.999963581562,
            "max": -195.73996436595917,
            "count": 237
        },
        "Paper.IsTraining.mean": {
            "value": 1.0,
            "min": 1.0,
            "max": 1.0,
            "count": 237
        },
        "Paper.IsTraining.sum": {
            "value": 1.0,
            "min": 1.0,
            "max": 1.0,
            "count": 237
        },
        "Paper.Losses.PolicyLoss.mean": {
            "value": 0.012440416843552763,
            "min": 0.011254902640454626,
            "max": 0.02283562557325543,
            "count": 114
        },
        "Paper.Losses.PolicyLoss.sum": {
            "value": 0.012440416843552763,
            "min": 0.011254902640454626,
            "max": 0.02283562557325543,
            "count": 114
        },
        "Paper.Losses.ValueLoss.mean": {
            "value": 0.14186655407150586,
            "min": 0.0002891097814426757,
            "max": 0.17464581752816835,
            "count": 114
        },
        "Paper.Losses.ValueLoss.sum": {
            "value": 0.14186655407150586,
            "min": 0.0002891097814426757,
            "max": 0.17464581752816835,
            "count": 114
        },
        "Paper.Policy.LearningRate.mean": {
            "value": 0.00029293278235574007,
            "min": 0.00029293278235574007,
            "max": 0.000299938479020507,
            "count": 114
        },
        "Paper.Policy.LearningRate.sum": {
            "value": 0.00029293278235574007,
            "min": 0.00029293278235574007,
            "max": 0.000299938479020507,
            "count": 114
        },
        "Paper.Policy.Epsilon.mean": {
            "value": 0.19764425999999996,
            "min": 0.19764425999999996,
            "max": 0.19997949299999995,
            "count": 114
        },
        "Paper.Policy.Epsilon.sum": {
            "value": 0.19764425999999996,
            "min": 0.19764425999999996,
            "max": 0.19997949299999995,
            "count": 114
        },
        "Paper.Policy.Beta.mean": {
            "value": 0.004882448574,
            "min": 0.004882448574,
            "max": 0.004998976700699999,
            "count": 114
        },
        "Paper.Policy.Beta.sum": {
            "value": 0.004882448574,
            "min": 0.004882448574,
            "max": 0.004998976700699999,
            "count": 114
        },
        "Navigation.Policy.Entropy.mean": {
            "value": -0.25722360610961914,
            "min": -0.25722360610961914,
            "max": 1.4666517972946167,
            "count": 3192
        },
        "Navigation.Policy.Entropy.sum": {
            "value": -2571.20703125,
            "min": -2582.97314453125,
            "max": 69527.9765625,
            "count": 3192
        },
        "Navigation.Environment.EpisodeLength.mean": {
            "value": 16.469458987783597,
            "min": 12.21003963011889,
            "max": 20238.0,
            "count": 3134
        },
        "Navigation.Environment.EpisodeLength.sum": {
            "value": 9437.0,
            "min": 35.0,
            "max": 112847.0,
            "count": 3134
        },
        "Navigation.Step.mean": {
            "value": 32139991.0,
            "min": 9368.0,
            "max": 32139991.0,
            "count": 3214
        },
        "Navigation.Step.sum": {
            "value": 32139991.0,
            "min": 9368.0,
            "max": 32139991.0,
            "count": 3214
        },
        "Navigation.Policy.ExtrinsicValueEstimate.mean": {
            "value": -0.0006986783700995147,
            "min": -3.767699718475342,
            "max": 0.020537491887807846,
            "count": 3214
        },
        "Navigation.Policy.ExtrinsicValueEstimate.sum": {
            "value": -0.4003427028656006,
            "min": -222.60671997070312,
            "max": 12.178732872009277,
            "count": 3214
        },
        "Navigation.Environment.CumulativeReward.mean": {
            "value": 1.821358473721183,
            "min": -404.76497435569763,
            "max": 1.847167025931167,
            "count": 3134
        },
        "Navigation.Environment.CumulativeReward.sum": {
            "value": 1043.6384054422379,
            "min": -1781.9553645253181,
            "max": 1125.616059422493,
            "count": 3134
        },
        "Navigation.Policy.ExtrinsicReward.mean": {
            "value": 1.821358473721183,
            "min": -404.76497435569763,
            "max": 1.847167025931167,
            "count": 3134
        },
        "Navigation.Policy.ExtrinsicReward.sum": {
            "value": 1043.6384054422379,
            "min": -1781.9553645253181,
            "max": 1125.616059422493,
            "count": 3134
        },
        "Navigation.IsTraining.mean": {
            "value": 1.0,
            "min": 1.0,
            "max": 1.0,
            "count": 3214
        },
        "Navigation.IsTraining.sum": {
            "value": 1.0,
            "min": 1.0,
            "max": 1.0,
            "count": 3214
        },
        "Navigation.Losses.PolicyLoss.mean": {
            "value": 0.016292711088317445,
            "min": 0.009727184377455463,
            "max": 0.0253092791691112,
            "count": 1557
        },
        "Navigation.Losses.PolicyLoss.sum": {
            "value": 0.016292711088317445,
            "min": 0.009727184377455463,
            "max": 0.0253092791691112,
            "count": 1557
        },
        "Navigation.Losses.ValueLoss.mean": {
            "value": 0.25155273725589117,
            "min": 0.00026263002037012483,
            "max": 0.2690505037705104,
            "count": 1557
        },
        "Navigation.Losses.ValueLoss.sum": {
            "value": 0.25155273725589117,